modelo,C,lower,upper,se
Clinico,0.6338165296408481,0.554425846761971,0.7132072125197252,0.04050619475924084
Clinico+Score,0.667676330592817,0.5878349497560471,0.7475177114295868,0.0407361469223662
